글번호,등록일자,등록시간,등록자이름,이메일,비밀번호,글내용,,
1,2021-05-09,10:10:18,갈한수,korea001@naver.com,1234,대통령의 임기가 만료되는 때에는 임기만료 70일 내지 40일전에 후임자를 선거한다. 재산권의 행사는 공공복리에 적합하도록 하여야 한다. 모든 국민은 통신의 비밀을 침해받지 아니한다. 위원은 탄핵 또는 금고 이상의 형의 선고에 의하지 아니하고는 파면되지 아니한다. 누구든지 병역의무의 이행으로 인하여 불이익한 처우를 받지 아니한다.,,
2,2021-05-10,10:10:08,강이찬,korea002@naver.com,1234,농업생산성의 제고와 농지의 합리적인 이용을 위하거나 불가피한 사정으로 발생하는 농지의 임대차와 위탁경영은 법률이 정하는 바에 의하여 인정된다. 법률이 정하는 주요방위산업체에 종사하는 근로자의 단체행동권은 법률이 정하는 바에 의하여 이를 제한하거나 인정하지 아니할 수 있다. 선거에 있어서 최고득표자가 2인 이상인 때에는 국회의 재적의원 과반수가 출석한 공개회의에서 다수표를 얻은 자를 당선자로 한다.,,
3,2021-05-31,10:10:18,개원훈,korea003@naver.com,1234,"제2항의 재판관중 3인은 국회에서 선출하는 자를, 3인은 대법원장이 지명하는 자를 임명한다. 국무위원은 국무총리의 제청으로 대통령이 임명한다. 대법원과 각급법원의 조직은 법률로 정한다. 국무총리는 대통령을 보좌하며, 행정에 관하여 대통령의 명을 받아 행정각부를 통할한다. 대통령은 내우·외환·천재·지변 또는 중대한 재정·경제상의 위기에 있어서 국가의 안전보장 또는 공공의 안녕질서를 유지하기 위하여 긴급한 조치가 필요하고 국회의 집회를 기다릴 여유가 없을 때에 한하여 최소한으로 필요한 재정·경제상의 처분을 하거나 이에 관하여 법률의 효력을 가지는 명령을 발할 수 있다.",,
4,2021-05-13,10:10:58,경시현,korea004@naver.com,1234,"모든 국민은 법률이 정하는 바에 의하여 공무담임권을 가진다. 대통령이 궐위된 때 또는 대통령 당선자가 사망하거나 판결 기타의 사유로 그 자격을 상실한 때에는 60일 이내에 후임자를 선거한다. 국토와 자원은 국가의 보호를 받으며, 국가는 그 균형있는 개발과 이용을 위하여 필요한 계획을 수립한다.",,
5,2021-05-29,10:10:08,공동영,korea005@naver.com,1234,대통령으로 선거될 수 있는 자는 국회의원의 피선거권이 있고 선거일 현재 40세에 달하여야 한다. 공무원의 신분과 정치적 중립성은 법률이 정하는 바에 의하여 보장된다. 국정감사 및 조사에 관한 절차 기타 필요한 사항은 법률로 정한다. 타인의 범죄행위로 인하여 생명·신체에 대한 피해를 받은 국민은 법률이 정하는 바에 의하여 국가로부터 구조를 받을 수 있다.,,
6,2021-05-28,10:10:33,기대연,korea006@naver.com,1234,"대통령은 법률에서 구체적으로 범위를 정하여 위임받은 사항과 법률을 집행하기 위하여 필요한 사항에 관하여 대통령령을 발할 수 있다. 국회에서 의결된 법률안은 정부에 이송되어 15일 이내에 대통령이 공포한다. 국회는 상호원조 또는 안전보장에 관한 조약, 중요한 국제조직에 관한 조약, 우호통상항해조약, 주권의 제약에 관한 조약, 강화조약, 국가나 국민에게 중대한 재정적 부담을 지우는 조약 또는 입법사항에 관한 조약의 체결·비준에 대한 동의권을 가진다.",,
7,2021-05-03,10:10:29,기원호,korea007@naver.com,1234,제3항의 승인을 얻지 못한 때에는 그 처분 또는 명령은 그때부터 효력을 상실한다. 이 경우 그 명령에 의하여 개정 또는 폐지되었던 법률은 그 명령이 승인을 얻지 못한 때부터 당연히 효력을 회복한다. 평화통일정책의 수립에 관한 대통령의 자문에 응하기 위하여 민주평화통일자문회의를 둘 수 있다. 대통령은 국회에 출석하여 발언하거나 서한으로 의견을 표시할 수 있다.,,
8,2021-05-25,10:10:18,기은성,korea008@naver.com,1234,"대통령은 헌법과 법률이 정하는 바에 의하여 공무원을 임면한다. 모든 국민은 신체의 자유를 가진다. 누구든지 법률에 의하지 아니하고는 체포·구속·압수·수색 또는 심문을 받지 아니하며, 법률과 적법한 절차에 의하지 아니하고는 처벌·보안처분 또는 강제노역을 받지 아니한다. 국회의원의 수는 법률로 정하되, 200인 이상으로 한다.",,
9,2021-05-17,10:10:01,나한율,korea009@naver.com,1234,대통령은 내우·외환·천재·지변 또는 중대한 재정·경제상의 위기에 있어서 국가의 안전보장 또는 공공의 안녕질서를 유지하기 위하여 긴급한 조치가 필요하고 국회의 집회를 기다릴 여유가 없을 때에 한하여 최소한으로 필요한 재정·경제상의 처분을 하거나 이에 관하여 법률의 효력을 가지는 명령을 발할 수 있다,,
10,2021-05-26,10:10:29,남동예,korea010@naver.com,1234,"헌법재판소 재판관은 정당에 가입하거나 정치에 관여할 수 없다. 국가는 지역간의 균형있는 발전을 위하여 지역경제를 육성할 의무를 진다. 대법원장의 임기는 6년으로 하며, 중임할 수 없다. 누구든지 체포 또는 구속을 당한 때에는 즉시 변호인의 조력을 받을 권리를 가진다. 다만, 형사피고인이 스스로 변호인을 구할 수 없을 때에는 법률이 정하는 바에 의하여 국가가 변호인을 붙인다.",,
11,2021-05-25,10:10:03,낭시우,korea011@naver.com,1234,"전직대통령의 신분과 예우에 관하여는 법률로 정한다. 위원은 탄핵 또는 금고 이상의 형의 선고에 의하지 아니하고는 파면되지 아니한다. 중앙선거관리위원회는 법령의 범위안에서 선거관리·국민투표관리 또는 정당사무에 관한 규칙을 제정할 수 있으며, 법률에 저촉되지 아니하는 범위안에서 내부규율에 관한 규칙을 제정할 수 있다.",,
12,2021-05-26,10:10:08,내세원,korea012@naver.com,1234,"국정의 중요한 사항에 관한 대통령의 자문에 응하기 위하여 국가원로로 구성되는 국가원로자문회의를 둘 수 있다. 국회의원의 수는 법률로 정하되, 200인 이상으로 한다. 국가는 평생교육을 진흥하여야 한다. 정기회의 회기는 100일을, 임시회의 회기는 30일을 초과할 수 없다. 모든 국민은 신속한 재판을 받을 권리를 가진다. 형사피고인은 상당한 이유가 없는 한 지체없이 공개재판을 받을 권리를 가진다.",,
13,2021-05-10,10:10:25,뇌성수,korea013@naver.com,1234,"국군의 조직과 편성은 법률로 정한다. 대통령의 임기는 5년으로 하며, 중임할 수 없다. 민주평화통일자문회의의 조직·직무범위 기타 필요한 사항은 법률로 정한다. 대통령은 제3항과 제4항의 사유를 지체없이 공포하여야 한다. 훈장등의 영전은 이를 받은 자에게만 효력이 있고, 어떠한 특권도 이에 따르지 아니한다.",,
14,2021-05-01,10:10:51,단수혁,korea014@naver.com,1234,대통령은 제1항과 제2항의 처분 또는 명령을 한 때에는 지체없이 국회에 보고하여 그 승인을 얻어야 한다. 헌법재판소의 장은 국회의 동의를 얻어 재판관중에서 대통령이 임명한다. 감사원의 조직·직무범위·감사위원의 자격·감사대상공무원의 범위 기타 필요한 사항은 법률로 정한다. 선거에 관한 경비는 법률이 정하는 경우를 제외하고는 정당 또는 후보자에게 부담시킬 수 없다.,,
15,2021-05-19,10:10:48,담성민,korea015@naver.com,1234,헌법재판소 재판관은 정당에 가입하거나 정치에 관여할 수 없다. 군사재판을 관할하기 위하여 특별법원으로서 군사법원을 둘 수 있다. 모든 국민은 법률이 정하는 바에 의하여 납세의 의무를 진다. 대통령이 궐위된 때 또는 대통령 당선자가 사망하거나 판결 기타의 사유로 그 자격을 상실한 때에는 60일 이내에 후임자를 선거한다.,,
16,2021-05-20,10:10:33,담원준,korea016@naver.com,1234,"대법원장은 국회의 동의를 얻어 대통령이 임명한다. 국가는 과학기술의 혁신과 정보 및 인력의 개발을 통하여 국민경제의 발전에 노력하여야 한다. 모든 국민은 법률이 정하는 바에 의하여 국가기관에 문서로 청원할 권리를 가진다. 헌법재판소에서 법률의 위헌결정, 탄핵의 결정, 정당해산의 결정 또는 헌법소원에 관한 인용결정을 할 때에는 재판관 6인 이상의 찬성이 있어야 한다.",,
17,2021-05-11,10:10:19,담장호,korea017@naver.com,1234,대통령은 조국의 평화적 통일을 위한 성실한 의무를 진다. 국가는 건전한 소비행위를 계도하고 생산품의 품질향상을 촉구하기 위한 소비자보호운동을 법률이 정하는 바에 의하여 보장한다. 모든 국민은 주거의 자유를 침해받지 아니한다. 주거에 대한 압수나 수색을 할 때에는 검사의 신청에 의하여 법관이 발부한 영장을 제시하여야 한다.,,
18,2021-05-11,10:10:43,독고예준,korea018@naver.com,1234,"국가안전보장회의의 조직·직무범위 기타 필요한 사항은 법률로 정한다. 헌법재판소는 법관의 자격을 가진 9인의 재판관으로 구성하며, 재판관은 대통령이 임명한다. 법률은 특별한 규정이 없는 한 공포한 날로부터 20일을 경과함으로써 효력을 발생한다. 헌법개정안이 제2항의 찬성을 얻은 때에는 헌법개정은 확정되며, 대통령은 즉시 이를 공포하여야 한다.",,
19,2021-05-20,10:10:39,돈송혁,korea019@naver.com,1234,"대통령의 국법상 행위는 문서로써 하며, 이 문서에는 국무총리와 관계 국무위원이 부서한다. 군사에 관한 것도 또한 같다. 국회는 국가의 예산안을 심의·확정한다. 모든 국민은 그 보호하는 자녀에게 적어도 초등교육과 법률이 정하는 교육을 받게 할 의무를 진다. 국무총리·국무위원 또는 정부위원은 국회나 그 위원회에 출석하여 국정처리상황을 보고하거나 의견을 진술하고 질문에 응답할 수 있다.",,
20,2021-05-29,10:10:09,돈재현,korea020@naver.com,1234,"중앙선거관리위원회는 대통령이 임명하는 3인, 국회에서 선출하는 3인과 대법원장이 지명하는 3인의 위원으로 구성한다. 위원장은 위원중에서 호선한다. 제2항과 제3항의 처분에 대하여는 법원에 제소할 수 없다. 대통령은 국가의 독립·영토의 보전·국가의 계속성과 헌법을 수호할 책무를 진다. 대통령은 법률이 정하는 바에 의하여 사면·감형 또는 복권을 명할 수 있다.",,
21,2021-05-09,10:10:50,두동환,korea021@naver.com,1234,"재의의 요구가 있을 때에는 국회는 재의에 붙이고, 재적의원과반수의 출석과 출석의원 3분의 2 이상의 찬성으로 전과 같은 의결을 하면 그 법률안은 법률로서 확정된다. 나는 헌법을 준수하고 국가를 보위하며 조국의 평화적 통일과 국민의 자유와 복리의 증진 및 민족문화의 창달에 노력하여 대통령으로서의 직책을 성실히 수행할 것을 국민 앞에 엄숙히 선서합니다.",,
22,2021-05-11,10:10:12,두채훈,korea022@naver.com,1234,"국회에서 의결된 법률안은 정부에 이송되어 15일 이내에 대통령이 공포한다. 모든 국민은 고문을 받지 아니하며, 형사상 자기에게 불리한 진술을 강요당하지 아니한다. 이 헌법시행 당시의 법령과 조약은 이 헌법에 위배되지 아니하는 한 그 효력을 지속한다. 국무회의는 대통령·국무총리와 15인 이상 30인 이하의 국무위원으로 구성한다.",,
23,2021-05-13,10:10:16,명윤일,korea023@naver.com,1234,"공무원은 국민전체에 대한 봉사자이며, 국민에 대하여 책임을 진다. 지방의회의 조직·권한·의원선거와 지방자치단체의 장의 선임방법 기타 지방자치단체의 조직과 운영에 관한 사항은 법률로 정한다. 모든 국민은 학문과 예술의 자유를 가진다. 국가의 세입·세출의 결산, 국가 및 법률이 정한 단체의 회계검사와 행정기관 및 공무원의 직무에 관한 감찰을 하기 위하여 대통령 소속하에 감사원을 둔다.",,
24,2021-05-10,10:10:48,모재원,korea024@naver.com,1234,"공무원인 근로자는 법률이 정하는 자에 한하여 단결권·단체교섭권 및 단체행동권을 가진다. 나는 헌법을 준수하고 국가를 보위하며 조국의 평화적 통일과 국민의 자유와 복리의 증진 및 민족문화의 창달에 노력하여 대통령으로서의 직책을 성실히 수행할 것을 국민 앞에 엄숙히 선서합니다. 재판의 전심절차로서 행정심판을 할 수 있다. 행정심판의 절차는 법률로 정하되, 사법절차가 준용되어야 한다.",,
25,2021-05-28,10:10:58,문은진,korea025@naver.com,1234,"대법원장의 임기는 6년으로 하며, 중임할 수 없다. 국회는 헌법 또는 법률에 특별한 규정이 없는 한 재적의원 과반수의 출석과 출석의원 과반수의 찬성으로 의결한다. 가부동수인 때에는 부결된 것으로 본다. 저작자·발명가·과학기술자와 예술가의 권리는 법률로써 보호한다. 국회의 회의는 공개한다. 다만, 출석의원 과반수의 찬성이 있거나 의장이 국가의 안전보장을 위하여 필요하다고 인정할 때에는 공개하지 아니할 수 있다.",,
26,2021-05-19,10:10:03,박수혁,korea026@naver.com,1234,국회가 재적의원 과반수의 찬성으로 계엄의 해제를 요구한 때에는 대통령은 이를 해제하여야 한다. 국회의원은 국회에서 직무상 행한 발언과 표결에 관하여 국회외에서 책임을 지지 아니한다. 모든 국민은 법 앞에 평등하다. 누구든지 성별·종교 또는 사회적 신분에 의하여 정치적·경제적·사회적·문화적 생활의 모든 영역에 있어서 차별을 받지 아니한다.,,
27,2021-05-12,10:10:33,방윤후,korea027@naver.com,1234,"대한민국의 주권은 국민에게 있고, 모든 권력은 국민으로부터 나온다. 국가는 국민 모두의 생산 및 생활의 기반이 되는 국토의 효율적이고 균형있는 이용·개발과 보전을 위하여 법률이 정하는 바에 의하여 그에 관한 필요한 제한과 의무를 과할 수 있다. 국회는 국무총리 또는 국무위원의 해임을 대통령에게 건의할 수 있다.",,
28,2021-05-21,10:10:39,방채호,korea028@naver.com,1234,"탄핵결정은 공직으로부터 파면함에 그친다. 그러나, 이에 의하여 민사상이나 형사상의 책임이 면제되지는 아니한다. 모든 국민은 법률이 정하는 바에 의하여 국가기관에 문서로 청원할 권리를 가진다. 정부는 예산에 변경을 가할 필요가 있을 때에는 추가경정예산안을 편성하여 국회에 제출할 수 있다. 헌법재판소 재판관은 정당에 가입하거나 정치에 관여할 수 없다.",,
29,2021-05-27,10:10:44,배세준,korea029@naver.com,1234,모든 국민은 언론·출판의 자유와 집회·결사의 자유를 가진다. 형사피의자 또는 형사피고인으로서 구금되었던 자가 법률이 정하는 불기소처분을 받거나 무죄판결을 받은 때에는 법률이 정하는 바에 의하여 국가에 정당한 보상을 청구할 수 있다. 국가는 전통문화의 계승·발전과 민족문화의 창달에 노력하여야 한다.,,
30,2021-05-01,10:10:35,배채호,korea030@naver.com,1234,"대통령은 국회에 출석하여 발언하거나 서한으로 의견을 표시할 수 있다. 정당은 법률이 정하는 바에 의하여 국가의 보호를 받으며, 국가는 법률이 정하는 바에 의하여 정당운영에 필요한 자금을 보조할 수 있다. 대법원과 각급법원의 조직은 법률로 정한다. 모든 국민은 근로의 권리를 가진다. 국가는 사회적·경제적 방법으로 근로자의 고용의 증진과 적정임금의 보장에 노력하여야 하며, 법률이 정하는 바에 의하여 최저임금제를 시행하여야 한다.",,
,,,,,,,,
,,,,,,,,
